timestamp,workflow,success,runtime_sec,error_message
2026-07-21 01:51:17,Daily Data Pipeline,1,14.5,
2026-07-21 02:00:09,Daily Data Pipeline,1,14.5,
2026-07-21 02:08:52,Daily Data Pipeline,1,14.5,
2026-07-21 02:12:14,Daily Data Pipeline,1,14.5,
2026-07-21 02:19:14,Daily Data Pipeline,1,14.5,
2026-07-21 02:24:57,Daily Data Pipeline,1,14.5,
2026-07-21 02:34:39,Daily Data Pipeline,1,14.5,
2026-07-21 02:42:23,Daily Data Pipeline,1,14.5,
2026-07-21 02:46:07,Daily Data Pipeline,1,14.5,
2026-07-21 02:53:40,Daily Data Pipeline,1,14.5,
2026-07-21 02:57:39,Daily Data Pipeline,1,14.5,
2026-07-21 03:05:24,Daily Data Pipeline,1,14.5,
2026-07-21 03:10:52,Daily Data Pipeline,1,14.5,
2026-07-21 03:14:25,Daily Data Pipeline,1,14.5,
2026-07-21 03:21:31,Daily Data Pipeline,1,14.5,
2026-07-21 03:26:45,Daily Data Pipeline,1,14.5,
2026-07-21 03:34:53,Daily Data Pipeline,1,14.5,
2026-07-21 03:38:18,Daily Data Pipeline,1,14.5,
2026-07-21 03:43:43,Daily Data Pipeline,1,14.5,
2026-07-21 03:47:47,Daily Data Pipeline,1,14.5,
2026-07-21 03:52:39,Daily Data Pipeline,1,14.5,
2026-07-21 03:56:18,Daily Data Pipeline,1,14.5,
2026-07-21 04:03:41,Daily Data Pipeline,1,14.5,
2026-07-21 04:10:50,Daily Data Pipeline,1,14.5,
